Quantity,Name,Set,Printing,Condition,Language,SKU,Price Each
1,Mountain (278),Streets of New Capenna,Foil,Near Mint,English,5466358,$0.56
1,Skybridge Towers,Streets of New Capenna,Foil,Near Mint,English,5486838,$0.10
1,Fly,Adventures in the Forgotten Realms,Foil,Near Mint,English,5061405,$0.11
1,Island (275),Streets of New Capenna,Foil,Near Mint,English,5466138,$0.41
1,Myriad Landscape,Commander: Innistrad: Crimson Vow,Normal,Near Mint,English,5302418,$0.17
1,Distant Melody,Commander Masters,Normal,Near Mint,English,7278278,$0.37
2,Devil Token,Streets of New Capenna,Normal,Near Mint,English,5552833,$0.13
1,Crush Contraband,Commander: Innistrad: Crimson Vow,Normal,Near Mint,English,5299648,$0.19
1,Field of Souls,Commander: Innistrad: Crimson Vow,Normal,Near Mint,English,5301453,$0.15
1,Azorius Chancery,Commander: Innistrad: Crimson Vow,Normal,Near Mint,English,5302168,$0.18
1,Kumano Faces Kakkazan,Kamigawa: Neon Dynasty,Normal,Near Mint,English,5413508,$0.66
1,Rat Rogue Token,Kamigawa: Neon Dynasty,Normal,Near Mint,English,5433135,$0.18
1,Hotshot Mechanic,Kamigawa: Neon Dynasty,Normal,Near Mint,English,5377425,$0.12
1,Mech Hangar,Kamigawa: Neon Dynasty,Normal,Near Mint,English,5400958,$0.12
1,Reckoner's Bargain,Kamigawa: Neon Dynasty,Normal,Near Mint,English,5412958,$0.37
1,Invigorating Hot Spring,Kamigawa: Neon Dynasty,Normal,Near Mint,English,5413728,$0.14
1,Generous Visitor,Kamigawa: Neon Dynasty,Normal,Near Mint,English,5383611,$0.10
1,Reinforced Ronin,Kamigawa: Neon Dynasty,Normal,Near Mint,English,5417398,$0.13
1,Prosperous Thief (Showcase),Kamigawa: Neon Dynasty,Normal,Near Mint,English,5399741,$0.14
1,Spell Pierce,Kamigawa: Neon Dynasty,Normal,Near Mint,English,5394319,$0.20
1,Roaring Earth,Kamigawa: Neon Dynasty,Normal,Near Mint,English,5400848,$0.12
1,Make Disappear,Streets of New Capenna,Normal,Near Mint,English,5494605,$0.68
1,Moon-Circuit Hacker,Kamigawa: Neon Dynasty,Normal,Near Mint,English,5382361,$0.12
1,Skycloud Expanse,Commander: Innistrad: Crimson Vow,Normal,Near Mint,English,5301968,$0.17
1,Temple of Enlightenment,Commander: Innistrad: Crimson Vow,Normal,Near Mint,English,5302068,$0.18
1,Angel // Clue Double-sided Token,Commander: Innistrad: Crimson Vow,Normal,Near Mint,English,5313461,$0.17
4,Spirit (001) // Spirit (002) Double-sided Token,Commander: Innistrad: Crimson Vow,Normal,Near Mint,English,5315011,$0.18
3,Spirit (002) // Copy Double-sided Token,Innistrad: Crimson Vow,Normal,Near Mint,English,5314146,$0.11
1,Moorland Haunt,Commander: Innistrad: Crimson Vow,Normal,Near Mint,English,5301703,$0.09
1,Port Town,Commander: Innistrad: Crimson Vow,Normal,Near Mint,English,5301763,$0.11
1,Prairie Stream,Commander: Innistrad: Crimson Vow,Normal,Near Mint,English,5301918,$0.15
2,Temple of the False God,Commander: Innistrad: Crimson Vow,Normal,Near Mint,English,5302568,$0.13
1,Sailors' Bane,Commander Legends: Battle for Baldur's Gate,Normal,Near Mint,English,5628922,$0.08
4,Copy Token,Commander Legends: Battle for Baldur's Gate,Normal,Near Mint,English,5662574,$0.27
1,Dragon Token,Commander Legends: Battle for Baldur's Gate,Normal,Near Mint,English,5663074,$0.24
1,Treasure Token,Commander Legends: Battle for Baldur's Gate,Normal,Near Mint,English,5663269,$0.12
2,Boar Token,Commander Legends: Battle for Baldur's Gate,Normal,Near Mint,English,5662619,$0.12
1,Compulsive Research,Commander Legends: Battle for Baldur's Gate,Normal,Near Mint,English,5651675,$0.10
1,Curse of Verbosity,Commander Legends: Battle for Baldur's Gate,Normal,Near Mint,English,5652125,$0.40
1,Goldhound,Streets of New Capenna,Normal,Near Mint,English,5522413,$0.08
1,Forest (281),Streets of New Capenna,Foil,Near Mint,English,5466798,$0.33
2,Soldier Token,Commander Legends: Battle for Baldur's Gate,Normal,Near Mint,English,5663024,$0.21
1,Slaughter the Strong,Commander Legends: Battle for Baldur's Gate,Normal,Near Mint,English,5636244,$0.13
1,Far Traveler,Commander Legends: Battle for Baldur's Gate,Normal,Near Mint,English,5607632,$0.11
1,Nimblewright Schematic,Commander Legends: Battle for Baldur's Gate,Normal,Near Mint,English,5641144,$0.09
1,"Erinis, Gloom Stalker",Commander Legends: Battle for Baldur's Gate,Normal,Near Mint,English,5606291,$0.14
1,Sharpshooter Elf,Commander Legends: Battle for Baldur's Gate,Normal,Near Mint,English,5614154,$0.12
1,Construct Token,Commander Legends: Battle for Baldur's Gate,Normal,Near Mint,English,5662854,$0.08
1,"Mahadi, Emporium Master (Showcase)",Commander Legends: Battle for Baldur's Gate,Normal,Near Mint,English,5608123,$0.14
1,Mountain (278),Streets of New Capenna,Normal,Near Mint,English,5466353,$0.23
1,Fake Your Own Death,Streets of New Capenna,Normal,Near Mint,English,5523953,$0.13
1,Witty Roastmaster,Streets of New Capenna,Normal,Near Mint,English,5509082,$0.39
1,Plains (272),Streets of New Capenna,Normal,Near Mint,English,5465913,$0.28
2,Prized Statue,Commander Legends: Battle for Baldur's Gate,Normal,Near Mint,English,5641444,$0.16
1,Feywild Caretaker,Commander Legends: Battle for Baldur's Gate,Normal,Near Mint,English,5637944,$0.10
1,Skanos Dragonheart,Commander Legends: Battle for Baldur's Gate,Normal,Near Mint,English,5614240,$0.07